api_key,app_name,app_store_url,app_details,app_submission_created_at,integrations
2655097,Pay What You Want ‑ PWYW - Pay What You Want ‑ PWYW,https://apps.shopify.com/pay-what-you-want-extendons,"Empower customers with the ""Pay What You Want"" App on Shopify! Let them make offers & donations. Ditch fixed prices, reduce cart abandonment & boost sales.",2025-04-21 19:17:30+00:00,Digital Download Products
4504193,Mikawaya Subscription - 【累計流通額100億突破】Shopifyで定期通販を行うならMikawaya！,https://apps.shopify.com/mikawaya,定期通販の売上向上の為のマーケティング機能に特化した日本製Shopifyサブスクアプリ「Mikawaya」！CVR改善、LTV向上における機能とサポートが充実,2025-04-21 19:17:43+00:00,"オープンロジ,CRM PLUS on LINE,Shopify Flow,Klaviyo,ロジレス,ネクストエンジン,Mikawaya Upsell"
7823705,Triidy Automations - Automatiza confirmaciones por WhatsApp y sincroniza con Triidy,https://apps.shopify.com/triidy-automations,"Nuestra app ""Automations"" automatiza confirmaciones de ventas vía WhatsApp, sincronizándose con Triidy para agilizar despachos. Reduce errores, ac...",2025-04-21 19:17:52+00:00,"Triidy,WhatsApp"
9515848,"Whatsapp Share - WhatsApp Share lets customers share links, boosting engagement",https://apps.shopify.com/milople-whatsapp-share,"Whatsapp Share seamlessly integrates with your store, adding a WhatsApp Share button to every product page. This feature empowers customers to shar...",2025-04-21 19:18:00+00:00,your store
1403850,InstaSlides - Instagram feed of top Instagram posts customised to your store,https://apps.shopify.com/instagram-slider-feed,Urge your users to follow you on Instagram by displaying a feed on your homepage consisting of posts from your username. Showcase inspirational fee...,2025-04-21 19:18:08+00:00,instagram
7765229,Reaktion: Tracking & Analytics - Server-side tracking & marketing analytics for Shopify,https://apps.shopify.com/reaktion-1,"Accurate server-side tracking for Google Ads, Meta Ads, and Klaviyo. Real-time dashboards and custom reports for Shopify.",2025-04-21 19:18:16+00:00,"Google Ads,Google Analytics,SnapChat Ads,Klaviyo,TikTok Ads,Facebook Ads"
8485332,"CRO Cart Drawer & Free Gifts - Customizable Cart Upsells, Free Gifts and AOV Boost",https://apps.shopify.com/thunder-upsells,"Reduce Cart Abandonment , Increase Conversions and Boost Your Profits per Order by Giving Offers Your Customers Can't Decline.",2025-04-21 19:18:23+00:00,Checkout
1474881,Vencru - Accounting Software for E-Commerce Businesses,https://apps.shopify.com/vencru,Accounting and inventory management for e-commerce business. Track inventory levels across all channels (online and physical stores). Get accounting reports.,2025-04-21 19:18:48+00:00,"Stripe,paystack,flutterwave,Paypal"
4467184,Smoothify: Smooth scroll - Smoothly - The smoothest scroll on Shopify,https://apps.shopify.com/smoothify-smooth-scroll,"Enhance your Shopify store with Smoothify! Seamless smooth scrolling for a sleek, user-friendly shopping experience. Install now for instant site improvement!",2025-04-21 19:18:57+00:00,"All Theme Support,Translation Apps,Email Pop Ups,Review Widgets,Currency Convertors,Landing Page Builder"
5529356,Intuitive Shipping - The shipping solution for serious sellers.,https://apps.shopify.com/intuitive-shipping,Forget cookie cutter. Intuitive Shipping gives you unrivalled control of your checkout. It's time to push the limits of what is possible in online shipping.,2025-04-21 19:19:05+00:00,"Australia Post,Canada Post,ShipStation,Other Major Carriers,USPS,UPS"
1147264,SKUGen - SKU & Barcode generator. Product label printing.,https://apps.shopify.com/sku-generator-1,"Generate SKUs and barcodes using product's data.
Detect SKU an barcode duplicates.
Print product retail labels with customizable templates.",2025-04-21 19:19:18+00:00,2048 Variants
8836656,Zigpoll Customer Surveys - Zigpoll Customer & Post Purchase Surveys,https://apps.shopify.com/zigpoll,No-code setup in seconds. We are the number one rated customer survey and Shopify post purchase survey app. Sign up and get 100 free responses every month.,2025-04-21 19:20:05+00:00,"ActiveCampaign,Google Analytics,Shopify Flow,Checkout,Klaviyo,Gorgias,Customer accounts,Mailchimp,Checkout Extensions"
8699028,TikFeed ‑ TikTok Feed - Best TikTok Feed App for Shopify,https://apps.shopify.com/tiktok-feed,App to display TikTok feeds & shoppable videos on your Shopify store to boost sales,2025-04-21 19:20:15+00:00,TikTok
6271011,TaxJar Sales Tax Automation - Save Hours on Sales Tax for Your Store,https://apps.shopify.com/taxjar,"Paying taxes is a critical part of managing your e-commerce business, but doing it right is complicated. TaxJar does the heavy lifting for you by a...",2025-04-21 19:20:24+00:00,"Square,Etsy,Wal-Mart,PayPal,Amazon"
5121291,Customily Product Personalizer - Customily Product Customizer - Smart Shopify Personalizer,https://apps.shopify.com/customily-options-3,Customily is the Shopify Product Personalizer you need. Design and sell custom print on demand products fast and easily. Product customization made right.,2025-04-21 19:21:09+00:00,"Custom Cat,teelaunch,Checkout,Printful,Shine On,Printify,Gooten"
7953978,Balikobot - Full integration to Balikobot incl. printing shipping labels,https://apps.shopify.com/balikobot-official,"To use the app, you need to have registered a contract with Balikobot. Then setup your token and start printing labels and managing your couriers f...",2025-04-21 19:21:17+00:00,"Checkout,Customer accounts"
1769989,Alex.AI - Your AI Co-Pilot for Data-Driven Growth,https://apps.shopify.com/getalex,"A CEO Co-pilot that can help you get insights on your company's performance, like never before! Our innovative platform uses AI to analyze your Sho...",2025-04-21 19:21:23+00:00,"Dropbox,Gmail,Google Drive"
7185647,Boost AI Search & Filter - #1 Shopify AI Search & Filter app,https://apps.shopify.com/product-filter-search,Maximize sales with a full-fledged product discovery solution: Shopify filter & AI search app. Level up recommendation & merchandising with ease. Try for FREE!,2025-04-21 19:21:32+00:00,"Weglot,Wishlist Plus,Product Labels,Checkout,GemPages,Reviews apps,Currency Converter"
4118681,Dytify Back in stock - Dytify back in stock,https://apps.shopify.com/dytify-back-in-stock,"""Back to Stock"" helps Shopify merchants automatically notify customers when out-of-stock products are restocked.",2025-04-21 19:21:40+00:00,"Mobile,Desktop"
4356132,BOGOS.io Free Gift BOGO Bundle,https://apps.shopify.com/freegifts,"Best Shopify App for creating: Product Bundles, Upsell, Free Gift & Discounts. Fully customizable interface. Advanced targeting options. Real-time analytics.",2025-04-21 19:21:46+00:00,"Transcy,Facebook Pixels,Shopify Flow,Cart Drawers - Slide Cart,Checkout,Shopify POS,Headless - Hydrogen,Gift card,Subscriptions"
4737040,Confer With Express - Live Video Shopping,https://apps.shopify.com/conferwith-1,"The future of live 1-2-1 video shopping. Connect with customers in real time immersive shopping experience, track sales from video commerce.",2025-04-21 19:21:54+00:00,"Calendly,Appointedd"
7669119,Sell Plus - Boost Your Sales Effortlessly with SellPlus,https://apps.shopify.com/sell-plus,"With SellPlus, boost your store's AOV with ease by creating post-purchase upsell offers.",2025-04-21 19:22:00+00:00,Checkout
7355883,BillBoost Boleta o Factura - Agrega campos necesarios para facturar en el checkout,https://apps.shopify.com/byf-extensibility,"Simplifica la emisión de comprobantes, haciendo más rápida y eficiente la experiencia de compra para tus clientes. Evita errores y ahorra tiempo, y...",2025-04-21 19:22:16+00:00,Checkout
2654209,Zenfulfillment - Enhance your e-commerce store with automated order management,https://apps.shopify.com/zenfulfillment,"Zenfulfillment app offers seamless order management by syncing fulfillment status, tracking information, and carrier assignment. It also includes a...",2025-04-21 19:22:24+00:00,Rest API
4203661,Disputifier: Smart Chargebacks - Disputifier - Automated Chargeback Management & Prevention,https://apps.shopify.com/disputifier,Fully automated chargeback fighting and chargeback prevention. Effortlessly win more disputes and help stop fraudulent chargebacks & disputes.,2025-04-21 19:22:40+00:00,"Stripe,Recharge,Klarna,Afterpay,PayPal,Authorize.net"
7566732,"CJdropshipping: Much Faster - CJdropshipping, Free Sourcing, Order Fulfillment,",https://apps.shopify.com/cucheng,"We are an all-in-one dropshipping solution provider, offering order fulfillment, product sourcing, global warehouses, quality inspection, efficient delivery.",2025-04-21 19:23:13+00:00,"TikTok Shop,WED2C,eBay,Etsy,Shopee,API"
3202459,Mobile App Builder ‑ WebPlanex - Native app Builder for Shopify,https://apps.shopify.com/mobidesign-android-app-builder,"Convert your Shopify store into a fully functional Native app with Mobile App Builder Enjoy multi-language support, easy customization, seamless user experience",2025-04-21 19:23:21+00:00,"Store Locator,Google Analytics,IOS BUY SDK,Facebook messanger,Judge.me,WhatsApp"
7800430,Table Master ‑ Excel to Table - Embed searchable dataTable for your storefront,https://apps.shopify.com/table-master,"Create custom table with excel file. Add the table to custom pages as well as product pages. With smart filter, auto filter table based on product & variant id",2025-04-21 19:23:28+00:00,"Google Sheets,Excel"
6959315,QR: WhatsApp Marketing + Chat - Recover Abandoned Carts with WhatsApp,https://apps.shopify.com/helpdesk-livechat-chatbots,"Sell on WhatsApp with multi-agent inbox, automate abandoned cart recovery, win-back flows, order alerts, WA cart, chatbots, and more to boost your Shopify sales",2025-04-21 19:23:44+00:00,"Payment Gateways,Delivery Companies,Checkout,Judge.me,Review Apps,Facebook Business Manager,WhatsApp API"
7318729,Content Assistant—Grammar - Analyze grammar and auto-fix typos in your stores content,https://apps.shopify.com/grammar,"Improve your store content by correcting grammar mistakes in product titles and descriptions, email and SMS notifications, and theme content.",2025-04-21 19:24:08+00:00,"ChatGPT,OpenAI"
1920732,"RetJet ‑ Returns & Exchanges - RetJet RMA manager returns, exchanges, complains & warranty",https://apps.shopify.com/retjet-easy-rma-manager,"RetJet simple and amazing application to manage returns complaints and exchanges. 
Powerful performance, team collaboration and data analysis.",2025-04-21 19:24:17+00:00,"BaseLinker,Apilo,Inpost Szybkie Zwroty,EasyPost"
4382838,MP Instagram Feed ‑ Instafeed - Mageplaza Instagram Feed – Boost Trust & Drive More Sales,https://apps.shopify.com/mageplaza-instagram-feed,"Turn Instagram into a sales engine! Showcase UGC, tag products, and customize your store with stunning Instagram feeds. Build trust & boost sales effortlessly.",2025-04-21 19:24:40+00:00,Instagram
9109638,"StoreView - Track page visits, cart activity and logged-in customers!",https://apps.shopify.com/store-view,"StoreView tracks your store's activity and presents it in an easy-to-understand way. We monitor page visits, cart activity, checkouts and orders, a...",2025-04-21 19:24:58+00:00,2048 Variants
7579910,HypeSwipe: Swipes to Sales - HypeSwipe,https://apps.shopify.com/hypeswipe,Give your visitors the shopping experience they want; swiping through the products they love!,2025-04-21 19:25:08+00:00,"Meta Pixel,Klaviyo"
9233597,UploadSync Uploads to Drive - Sync your file uploads to Google Drive,https://apps.shopify.com/upload-sync,"Are you selling personalized products, but having to download your customers' uploaded files manually?

Perhaps your fulfilment provider needs acce...",2025-04-21 19:25:17+00:00,Google Drive
8910174,"Vudio AI: 10+ Video UGC Apps - Vudio: Reels, AI Catalogs + 10",https://apps.shopify.com/vudio-reels-ai-catalogs,"Create, post, and convert with AI-powered shoppable videos, UGC, livestreams & more.",2025-04-21 19:25:34+00:00,"Tiktok,Appmaker,Klaviyo,Meta,Apptile,Youtube"
5352595,"Function Lab - Automatic Discount functions, via JSON editor",https://apps.shopify.com/function-lab,Do you need to replace your scripts with functions? Do you want to write your own functions app but don't want to deal with deployments? With Funct...,2025-04-21 19:25:40+00:00,Checkout
1455820,Ceneo Feed XML - Share your products in price compare tool Ceneo,https://apps.shopify.com/ceneo-feed-xml,"#INTEGRATE WITH CENEO.PL AND START SALE MORE
Sale more thanks too links form Ceneo - a compare tool in Poland

#APP Ceneo Feed XML is build as is ...",2025-04-21 19:25:56+00:00,ceneo.pl
3029041,Gift Card Hero • All‑in‑one - Advanced Shopify Gift Cards app,https://apps.shopify.com/gift-card-hero,"Boost your Shopify store with Gift Card Hero! Enjoy balance reloads, scheduled delivery, customizable designs, and detailed reporting.",2025-04-21 19:26:11+00:00,"Checkout,Customer accounts,Shopify POS"
2581801,PackCloud - Werk efficienter en nauwkeuriger met PackCloud,https://apps.shopify.com/packcloud,Optimaliseer je orderverwerking met PackCloud. Met ons online platform kan je al je bestellingen eenvoudig op één handige plek beheren. Verzamel je...,2025-04-21 19:26:18+00:00,"Sendcloud,Myparcel,PostNL,bol,DHL Parcel,bpost"
1410842,Fenix Intelligent Delivery - estimated delivery dates,https://apps.shopify.com/fixd_idp,"estimated delivery dates on the product page
estimated delivery dates on the checkout pages
multiple shipping options on the checkout",2025-04-21 19:26:27+00:00,"attentive,Twilio,shipstation,Checkout,klaviyo,shiphero,netsuite"
8837765,ShopKeeper Gift Cards - ShopKeeper Gift Cards App For Shopify Merchants,https://apps.shopify.com/shopkeeper-branded-gift-card,Give the gift of personalization with a gift card app that lets customers customize and send digital gift cards for any occasion. Upgrade to match your branding,2025-04-21 19:26:54+00:00,Gift Card Scheduler
6290377,BlazeSY - Logistics Carrier Service and Order Fulfilment platform,https://apps.shopify.com/blaze-2,Our app streamlines the fulfillment process and improves the checkout experience for merchants by providing real-time shipping rates during checkou...,2025-04-21 19:27:12+00:00,"EKART,Amazon(SWA),DTDC,Delhivery,SPRINT,Bluedart"
5269399,Segment360 Audiences to Ads - Audience segmentation & first-party data activation platform,https://apps.shopify.com/segment360,Build meaningful customer segments from your own data to boost sales and optimize your marketing strategy with Segment360,2025-04-21 19:27:29+00:00,"Google Ads,TikTok,Snapchat,Facebook Ads,Pinterest,Instagram Ads"
5037086,InvoGenie‑PDF & Order Invoice - InvoGenie – Simple Order Invoice & PDF Generator,https://apps.shopify.com/invogenie,"Create  professional PDF invoices automatically.
Customize invoice templates to match your brand.
Bulk generate invoices for multiple orders",2025-04-21 19:27:38+00:00,"Customers,Orders"
1099924,Zong ‑ Branded SMS Pakistan - Zong - Branded SMS Pakistan For Shopify,https://apps.shopify.com/zong-branded-sms-pakistan,"Configure your Zong corporate sms with Shopify and auto send Order notifications to customer, Abandoned cart recovery, OTP sms, Bulk marketing SMS to customers.",2025-04-21 19:28:01+00:00,Checkout
5846703,Relish AI Chatbot + ChatGPT - ChatGPT-Powered Sales / Support Chatbot for Shopify stores,https://apps.shopify.com/relish-ai-shopping-assistant,Boost your Shopify store sales with Relish AI's powerful chatbot and GPT. Offer 24/7 automated support and product recommendations with order management support,2025-04-21 19:28:08+00:00,"Recharge,Klaviyo,ChatGPT,Gorgias,GPT-4o,ZenDesk"
6106539,Everflow ‑ Partner Platform - Track and Amplify your revenue from all channels,https://apps.shopify.com/everflow-v2,This app lets you instantly integrate your Shopify store with the Everflow platform: You’ll instantly be able to track and manage all of your impor...,2025-04-21 19:28:15+00:00,"Recharge,Tipalti,Checkout,Salesforce,Bold Commerce,Gorgias,HubSpot"
1888312,シンプル配送カスタマイズ｜お手軽条件ごとの配送方法 - 【Shopifyアプリ】シンプル配送カスタマイズ｜お手軽条件ごとの配送方法,https://apps.shopify.com/shopify-application-432,「シンプル配送カスタマイズ｜お手軽条件ごとの配送方法」は、Shopify 向けの送料カスタマイズアプリです。シンプルな料金体系で追加課金なし。日本製のため、日本語サポートも完備しています。,2025-04-21 19:28:20+00:00,Checkout
6088385,iThink Logistics - E-commerce shipping solution in India,https://apps.shopify.com/ithink-logistics,"iThink Logistics offers intelligent courier recommendations, dedicated support, and express delivery to help E-commerce sellers reduce returns and ...",2025-04-21 19:28:47+00:00,"Ecomm,XpressBees,EKart,Delhivery,Fedex,Bluedart"
2193364,Checkout Builder,https://apps.shopify.com/checkout,"Boost revenue at checkout. Customize checkout seamlessly, upsell, add content and create a familiar experience for your customers using our branding editor.",2025-04-21 19:29:03+00:00,"Search & Discovery,Checkout,Customer accounts"
5289824,Nirvasian Fulfillment - Order Fulfillment philippines,https://apps.shopify.com/nirvasian,"Order Fulfillment services philippines, southeast asia",2025-04-21 19:29:27+00:00,"Shopee,Lazada,3PL"
8053292,Shopzon Bundle Quantity Breaks - Best Product Bundle App Shopify,https://apps.shopify.com/shopzon-product-bundles,Shopzon Product Bundles allows you to create bundles and volume discounts to enhance your average order value.,2025-04-21 19:29:37+00:00,Checkout
5615770,Channable: Product Data Feeds - Channable:,https://apps.shopify.com/channable,Seamlessly connect your Shopify store to marketplaces and other eCommerce channels - from one single platform. Try it out for free!,2025-04-21 19:29:51+00:00,"Google Ads,Google Analytics,eBay,Facebook,Amazon,Instagram"
4215692,"Wi Flash Sale & Bulk Discount - Easy bulk price editor, flash sale & bulk discount",https://apps.shopify.com/price-sale-price-manager,"Easily run/schedule flash sale with countdown timer, bulk price editor & build discount. Best for Shopify stores with large inventory!",2025-04-21 19:30:34+00:00,"Snap B2B Wholesale,Snap Bundle,Snap Noti,BOGO+,Snap Cart & Product Coupon,SnapSell Products"
5043409,"EcomBot – Sales, Ads & Social - Ecommerce Automated",https://apps.shopify.com/ai-ecombot,"Automate ads, social media, and customer service with AI. Boost sales and efficiency with EcommerceBot — your all-in-one Shopify automation tool.",2025-04-21 19:30:52+00:00,"Instagram,Facebook,Gmail,Meta Ads,OpenAI"
4327892,Sales Countdown Timer by TS - Add Countdown Timer your Store & generate Urgency. More Sales!,https://apps.shopify.com/cowntdown-timer-by-revy,"# CHRISTMAS READY: Your best urgency and scarcity app to get the most out of the upcoming Christmas holyday!

# Boosts Your Sales Up just using the...",2025-04-21 19:31:10+00:00,"revy upsell,revy booster,Products"
8071108,CRM Perks: Salesforce Sync - Quickly integrate Orders and Customers with Salesforce,https://apps.shopify.com/salesforce-sync,"App automatically sends Shopify Customers and Orders to Salesforce, you can create Account, Contact, Lead or Sales Order in salesforce. You can als...",2025-04-21 19:31:55+00:00,salesforce
2607076,MAG: Product Reviews - Best Shopify Product Reviews App - MyAppGurus,https://apps.shopify.com/product-review-myappgurus,MyAppGurus provides best shopify product reviews app and ratings to help consumers make informed purchasing decisions across various categories.,2025-04-21 19:32:05+00:00,"SMTP Integration,Shopify Flow,Hulk Product Reviews,Klaviyo,Judge Me,Product Reviews"
6479539,"ListBuilder - Build a bigger, better customer list",https://apps.shopify.com/list-builder,"ListBuilder seamlessly connects your Shopify store to your email marketing platform, automatically syncing customer data daily. Set it once and for...",2025-04-21 19:32:14+00:00,"Constant Contact,MailChimp,AWeber,Facebook"
6372955,"Revamp CRM for B2B wholesale - Follow-up on your sales, Analyze your marketing and segments.",https://apps.shopify.com/revampcrm,Know your customers & sell more. We helped many Cosmetics brands to Improve repeated orders rate. Have a central place for your B2B or B2C customer...,2025-04-21 19:32:22+00:00,"cin7,wufoo,activecampaign,mailchimp,zapier"
6286793,Growify - Growify,https://apps.shopify.com/growify,Growify is the multichannel marketing analytics platform built specifically for Ecommerce brands. Optimize and track all of your marketing channels...,2025-04-21 19:32:39+00:00,"Facebook,Google,Klaviyo,Meta"
6886449,Rebuy Personalization Engine - Rebuy Personalization Engine,https://apps.shopify.com/rebuy,"Upgrade your customer journey with Rebuy's flexible, integrated and customizable toolset: Smart Cart + Links, Post-Purchase, Re-Order Landing Page, and more.",2025-04-21 19:32:47+00:00,"Recharge,Route,Checkout,Klaviyo,Customer accounts,Okendo,Attentive,Malomo"
9237776,"Chronopost Official - Express shipment, to home or to Pickup parcelshop",https://apps.shopify.com/chronopost-production,"Display of delivery methods
Shipping labels
Creation of delivery slips
Shipping tracking directly available from you back off by import
Returns & s...",2025-04-21 19:32:57+00:00,"Checkout,Customer accounts"
5410314,TailorKit Product Personalizer - Product Personalizer: Boost Sales & Automate POD Fulfillment,https://apps.shopify.com/tailorkit,"Simplify product personalization with our smart product customizer. Easily create unique designs, auto-fulfill orders, and boost sales with one-click mockups.",2025-04-21 19:33:15+00:00,"Printify,Shopify Flow"
8849662,"CustomerPlus - The only secure one-click login for Facebook, Google, and more",https://apps.shopify.com/customerplus,"With one-click social login, we streamline the user journey, reducing friction during login and registration processes. This translates to higher c...",2025-04-21 19:34:15+00:00,"Github,Slack,Discord,Facebook,Microsoft,Google"
6790428,Pinterest Pixel Tag ‑ PinTag - Leverage the Power of Pinterest Pixel w/1-click Implementation,https://apps.shopify.com/pinterest-pixel-helper,"The app will implement automatically your Pinterest base pixel cross-site, and also the app will implement the right Pinterest pixel event for each...",2025-04-21 19:34:26+00:00,"Pinterest,Pinterest Tag,Pinterest Ads,Pinterest Catalog"
2841549,GLS Shipping (Belgium) - Easily create GLS Belgium shipping labels!,https://apps.shopify.com/gls-be,"With the integration between Shopify and GLS Shipping Portal for Belgium, you streamline your shipping process for GLS Parcel and GLS Express shipm...",2025-04-21 19:34:31+00:00,"GLS Express Belgium,GLS Belgium,Customer accounts,GLS Parcel Belgium"
2047202,Amazon MCF and Buy with Prime - Use MCF and Buy with Prime to fulfill your Shopify...,https://apps.shopify.com/buy-with-prime,Use the Amazon built app for Shopify and fulfill all MCF and Buy with Prime orders using Amazon Fulfillment and the same pool of inventory used for FBA.,2025-04-21 19:34:39+00:00,Checkout
4427874,GOM Tools: Addons + WhatsApp - GOM Tools,https://apps.shopify.com/gom-tools,"Con GOM Tools puedes agregar a tu sitio web widget de contacto con WhatsApp, formularios, base de datos de contactos, reportes y más en unos pocos pasos.",2025-04-21 19:34:48+00:00,Google Analytics
9564314,Upstack: Site Intelligence - Upstack Data First-Party Data Pixel (CAPI) for Facebook Ads,https://apps.shopify.com/upstackified,Upgrade your First Party data collection with UpStack Data Pixel.  Better identification and event match quality.  Native Meta CAPI server-side event tracking,2025-04-21 19:35:05+00:00,"Multiple Google Pixel,TikTok Pixel,Facebook Conversion API,Facebook Pixel,Multiple Pixels,Server Side Tracking"
3038501,diex ‑ Discount Expert - Improve AOV with volume discounts and more,https://apps.shopify.com/diex-discount-export,Discount Expert is designed to help Shopify merchants optimize their promotional strategies with ease. By enabling the creation of bulk discount co...,2025-04-21 19:35:12+00:00,Checkout
8225551,Prime Bundles - Boost sales with customizable bundles offering volume discount,https://apps.shopify.com/prime-bundle,"Prime Bundles is a volume discount app used to boost sales and increase revenue! Easily create volume discounts across multiple products, collectio...",2025-04-21 19:35:38+00:00,"Checkout,Monster Cart"
9251247,Optimise Affiliate Marketing - Optimise Affiliate marketing with Shopify,https://apps.shopify.com/optimise-affiliate-marketing,Connect your Shopify store with Optimise Partner Platform to manage partnerships and affiliate relationships.,2025-04-21 19:35:46+00:00,Checkout
9927834,Octolize Distance Based Rates - Distance based delivery rates and shipping cost Shopify app,https://apps.shopify.com/octolize-distance-based-rates,Provide your Shopify store customers with accurate shipping cost and delivery rates based on distance calculated with Google Maps driving route or straight line,2025-04-21 19:36:51+00:00,"Google Maps,Carrier Service API"
1461809,Tracknow Integration - Tracknow helps to track conversions in real-time on your store,https://apps.shopify.com/tracknow-affiliate-software,"This app lets you instantly integrate your Shopify store with the Tracknow platform, You will be able instantly track all the affiliate sales.

- M...",2025-04-21 19:36:57+00:00,Checkout
8641624,Loadify: Preloader & SEO Speed - Loadify: Preloader & Page Transitions combined with speed up,https://apps.shopify.com/loadify,"Put a loading screen, combine it with 4 types of page transitions and background color of the transition, animate your loading logo and turn on the lazy load!",2025-04-21 19:37:06+00:00,"All Theme Support,Translation Apps,Email Pop Ups,Review Widgets,Currency Convertors,Landing Page Builder"
6528013,"Bikeflights Shipping - Bikeflights, professional bike shipping service.",https://apps.shopify.com/bikeflights-shipping,"Ship your bikes, parts and accessories with the professional bike shipping services at Bikeflights. We ship all over the world.",2025-04-21 19:37:13+00:00,"Bikeflights Order Management,Bikeflights Shipping Rates,Bikeflights Shipping Labels"
1704453,Multi Vendor ‑ Puppet Vendors  - Multi Vendor Commissions & Payouts Reporting,https://apps.shopify.com/puppet-vendors,"Better manage multivendor marketplaces and consignment businesses' sales, commissions, and payouts. Convert Shopify store into a multivendor marketplace.",2025-04-21 19:37:36+00:00,"Zapier,Shippo,Web Portal,Mobile,API,Webhooks"
2909572,Envia Shipping and Fulfillment - Shipping APP for Shopify,https://apps.shopify.com/envios-mexico,Get over 150 courier options for domestic and international shipments! Connect your Shopify store in seconds and use advanced shipping features.,2025-04-21 19:37:44+00:00,"Shopify Flow,Shipping,Redpack,Fedex,DHL,USPS,UPS"
3095650,"Giftnote Gift Messages & Cards - Giftnote – Gift Messages, eGift Cards, Corporate Gifting",https://apps.shopify.com/giftnote,"Send gift messages when the gift arrives. Giftnote helps Shopify stores deliver branded, memorable gifting experiences that drive engagement and sales.",2025-04-21 19:37:53+00:00,"Loop,Shopify Flow,Checkout,Klaviyo,Okendo,Rebuy,Yotpo,Flow"
9110716,ShopBuilder Mobile App Builder - ShopBuilder App Builder - create fast & complete Flutter App,https://apps.shopify.com/shopbuilder-app,ShopBuilder App Builder - create a fast & complete Flutter App - Launch your app in minutes. No coding skills are required.,2025-04-21 19:38:10+00:00,"Google Mobile Ads,Google Firebase,OneSignal - Push Notification,No-Code App Builder,Instagram Stories,Youtube Video"
4181922,Fondue CashBack Promotions - Reduce Discounts. Convert More. Increase Revenue.,https://apps.shopify.com/fondue-cashback-promotions,"Replacing pre-purchase incentives (like a coupon code), shoppers see their CashBack eligibility throughout the purchase journey and then redeem it ...",2025-04-21 19:38:27+00:00,Checkout
6861580,"Unitpricer ‑ Weight Size Vol. - Sell products by weight, size, length or volume in the...",https://apps.shopify.com/sell-by-x,"This app extends Shopify POS, s you can sell your products by weight, size or volume. Simply mark products as 'sell-by', set up the pricing and sta...",2025-04-21 19:39:05+00:00,"POS App,Shopify POS"
4502810,δ Google Ads GTM—TikTok Pixel - Delta Pixel: Multiple Facebook & TikTok Pixels for Shopify,https://apps.shopify.com/shoptok,Google Ads Pixel & TikTok Pixel by Delta is a pixel tracking app that allows integration of multiple Google Ads Pixel & TikTok Pixel with Shopify website,2025-04-21 19:39:30+00:00,"TikTok,Checkout,google ads pixel,Google Tracking,facebook pixel,Facebook & TikTok Pixel  CAPI"
4977423,CREMA Product Reviews & UGC - CREMA Product Reviews & UGC,https://apps.shopify.com/crema-review,"CREMA Review is a product reviews app to help you collect high quality reviews, display reviews in beautiful ways, and enjoy high conversion rates",2025-04-21 19:40:06+00:00,Shopify Flow
4429311,AccountOne ‑ Ecommerce2Datev - Wir verbinden deinen Shop mit deiner Steuerberatung!,https://apps.shopify.com/accountone,Wir vereinfachen und automatisieren deine Buchhaltung. AccountOne bietet die Plattform um alle Orders und Payments über Shopify zu aggregieren und  ...,2025-04-21 19:40:36+00:00,"Amazon,Stripe,Datev"
3141028,Ultimate Upsell & Cross‑Sell - Ultimate Upsell & Cross-Sell for Shopify,https://apps.shopify.com/ultimate-upsell,Upsell product bundles or subscriptions. Cross-sell add-on products à la carte. Available for Shopify stores only.,2025-04-21 19:40:54+00:00,"Recharge,PayWhirl,Bold Subscriptions,Native Subscriptions,Awtomatic,Seal Subscriptions"
7505547,"BUCKS Currency Converter PRO++ - BUCKS Currency Converter - Auto Conversion, Customizable",https://apps.shopify.com/bucks-currency-converter,"Boost global sales with BUCKS - the lightning-fast currency converter app for Shopify. Automatic conversion, custom design, local checkout & 24/7 support",2025-04-21 19:41:04+00:00,"Upsell Funnel Engine,Wowcart"
1471565,EmailVerify ‑ Email Validation - EmailVerify - Reduce Bounces & Validate Addresses,https://apps.shopify.com/emailverify,"Verify email addresses with EmailMarker, Bouncer, ZeroBounce, SendPulse, Mails.so. Reduce bounce rates, detect invalid emails, and improve deliverability.",2025-04-21 19:41:37+00:00,"Mails.so,EmailMarker,Bouncer,ZeroBounce,SendPulse"
4871351,Gift Cards Suite + AI - Gift Card Suite + AI,https://apps.shopify.com/gift-cards-ai,"Streamline gift card sales with AI designs and advanced management tools. Create, promote and automate custom gift cards to boost customer engagement & revenue.",2025-04-21 19:41:51+00:00,2048 Variants
6323175,"Replyco ‑ eCommerce Helpdesk - Manage email, social and marketplace customer messaging.",https://apps.shopify.com/replyco,"With Replyco, you can easily manage all your customer questions, from all selling and social media channels, in one intuitive inbox. What's more - ...",2025-04-21 19:42:08+00:00,"Many More,eBay,Facebook Messenger,Amazon,Telegram,Linnworks"
9596983,UpsellPlus Checkout Upsell - Increase AOV with checkout customizations and upsells,https://apps.shopify.com/upsellpluscheckout,"Grow AOV and conversion with customizations and upsells in cart, checkout, and post-purchase.",2025-04-21 19:42:15+00:00,"Recharge,Skio,Checkout,Appstle,Recurpay,Smartrr,Seal Subscriptions"
9694163,Hepsiburada Entegrasyon Sentos - Hepsiburada Entegrasyonu,https://apps.shopify.com/hepsiburada-entegrasyonu,"Hepsiburada Entegrasyonu sayesinde Shopify ile senkronize fiyat-stok yönetimi yapın, siparişleri ve ürünleri içeri aktarın.",2025-04-21 19:42:29+00:00,Hepsiburada
7676048,EZ Callback Request - Turn visitors into qualified phone leads and sales calls,https://apps.shopify.com/raven,Our results speak for themselves Callback Request will show you exactly who requested a callback and whether or not they ended up buying after. Thi...,2025-04-21 19:42:36+00:00,"Text Message,SMS,Facebook Messenger,Phone,WhatsApp"
1519610,Minmaxify Order Limits - MinMaxify - Optimize Inventory and Maximize Profits,https://apps.shopify.com/order-limits-minmaxify,MinMaxify is a Shopify app to easily set min and max limits on the number of products a customer can purchase. Manage customer orders with ease today!,2025-04-21 19:42:51+00:00,Checkout
8678756,"Buddy Works - Theme development with automated builds, tests & deployments.",https://apps.shopify.com/buddy,"Automate your theme deployments on a git push, approval, or passed tests. Extend your workflows with automated building, testing, and Shopify CLI o...",2025-04-21 19:43:00+00:00,"github, bitbucket, git, aws,gitla,bitbucket,git,amazon s3,github"
4496666,Hide PayPal in Cart by NASP - Hide PayPal button to improve customer checkout experience,https://apps.shopify.com/hide-paypal-in-cart,"The prominent yellow Paypal button on the cart page can potentially cause customer confusion, implying an exclusive reliance on Paypal for payments...",2025-04-21 19:43:25+00:00,Checkout
6354716,Miappi - Make UGC Shoppable,https://apps.shopify.com/miappi,"Boost your sales with shoppable, user-generated content from Instagram, TikTok and other sources. 

Miappi is a global solution for finding and man...",2025-04-21 19:43:31+00:00,"Hootsuite,Moveable Ink,Trustpilot,Freshrelevance"
4088315,FW Indian Shipping Service - FW Indian Shipping Service - Shopify app to ship orders,https://apps.shopify.com/delivery-courier-service,"Indian Shopify app to ship and manage orders, print labels and invoices in delhivery and Pickrr.",2025-04-21 19:43:58+00:00,"indian,Delhivery,shipping,logistics,pickrr"
9164229,Coral Carbon Offset - Easily calculate and offset carbon emissions at checkout,https://apps.shopify.com/coral-carbon-offset,"Our app provides a straightforward solution for merchants to add carbon offset options for their customers. By integrating with your Shopify store,...",2025-04-21 19:44:15+00:00,Checkout
4021421,eID ‑ MitID Aldersbekræftelse - Godkendt aldersvalidering med MitID,https://apps.shopify.com/eid-mitid-age-validation,Brug MitID til at validere alderen på dine kunder. Appen sørger for at dine kunder ikke kan købe alkohol og tobaksprodukter hvis de ikke er myndige...,2025-04-21 19:44:25+00:00,"MitID,Checkout,Criipto"
6959334,"ChatGPT AI Product Description - AI description for products to save time, money, & help...",https://apps.shopify.com/ai-product-descriptions,"AI Product Descriptions uses artificial intelligence to automatically create product descriptions based on images. This helps sales, saves time, and saves money",2025-04-21 19:44:58+00:00,"ChatGPT 4o,ChatGPT"
2298266,Shipper 360 - Shipper 360,https://apps.shopify.com/aloshop,"Shipper 360 is an all-in-one platform to help you manage stock, orders, and products across marketplace channels.",2025-04-21 19:45:22+00:00,"Tiktok,Shopee,Tokopedia,Blibli,Lazada"
2824155,Contlo ‑ Marketing & Helpdesk - Contlo - AI Native Ecommerce Marketing & Helpdesk Platform,https://apps.shopify.com/contlo-marketing,"Ecommerce Marketing & Helpdesk in one platform - Drive more sales & offer exceptional customer support experience across Email, SMS, Whatsapp, Voice, FB & IG",2025-04-21 19:45:32+00:00,"Razorpay,Instagram DMs,Google Sync,Facebook Audience Sync,Judge.me,Aftership"
3762164,Horse Inventory Management - Horse Inventory Management app for Shopify,https://apps.shopify.com/horse,"FREE TRIAL - Smart purchase orders, easy transfer orders, and quick stock takes. Horse is the inventory management app for busy people.",2025-04-21 19:45:40+00:00,"CSV,Barcode scanners,PDF,Email"
2569169,Navi+ TabBar/Mega Menu Builder - Navi+,https://apps.shopify.com/pronavi-navigation-design,Enhance the User Experience and Guide visitors towards your Business Goals. Easily add or replace Any type of Menu Imaginable anywhere on your website.,2025-04-21 19:45:49+00:00,"Mega menu,Social Share,Scroll Onpage,Online Chat,WhatsApp"
2947226,"Rakuten Affiliate Tracking - Rakuten Advertising Affiliate Tracking - Quick, Easy Install",https://apps.shopify.com/rakuten-advertising-tracking,"As a Rakuten Advertising customer, you can use this app to quickly install the Rakuten Advertising tracking to launch your affiliate, display or search program.",2025-04-21 19:46:03+00:00,Checkout
9482630,"Vimotia Shoppable Videos & UGC - Shopify video App - Vimotia, shoppable videos on website",https://apps.shopify.com/video-marketing,"All-in-one solution to make shoppable videos & gallery, publish on your website. Provide TikTok-like video shopping experience in your store, boost extra sales.",2025-04-21 19:46:10+00:00,"TikTok,Pinterest,Facebook,Youtube,Instagram"
4907624,Magic Tips - Enable Customers to Include a Tip with Their Order,https://apps.shopify.com/magic-tips,Magic Tips is simple and easy to use. You just need to click a button to install the app and you can start selecting the display trigger for the ti...,2025-04-21 19:46:36+00:00,Checkout
7680626,"Webkul Wallet Management - Wallet+Cashback, Innovative way for Customers to Shop More",https://apps.shopify.com/wallet-management,"Customer can have a digital Wallet for all the transaction like purchase, cashback's etc on your Shopify store. The app is useful as now-a-days dig...",2025-04-21 19:46:49+00:00,"Checkout,Customer accounts"
9717523,"Pagemunch Landing Page Builder - Build Landing Pages, Product Pages that Convert and Sell More!",https://apps.shopify.com/pagemunch-landing-page-builder,Pagemunch is a landing page builder that solves the problem of businesses struggling to convert website visitors into customers. Its intuitive drag...,2025-04-21 19:47:04+00:00,"klaviyo,mailchimp,google analytics"
8180051,Multivende - Impulsando el ecommerce omnicanal en Latinoamérica,https://apps.shopify.com/multivende,"Somos una plataforma de integración omnicanal para eCommerce. A través de Multivende te permitimos administrar tus marketplaces, tiendas online, op...",2025-04-21 19:47:12+00:00,"Mercado Libre,Sistemas de gestión,Dafiti,Linio,Falabella,Couriers"
4704510,"Magic Deals ‑ Countdown Promo - High-Converting, time-sensitive landing pages in seconds",https://apps.shopify.com/magic-deals,Custom landing pages showcasing daily deals and time-sensitive offers to boost eCommerce performance. Target audiences to convert visitors into loyal customers,2025-04-21 19:47:21+00:00,"rebuy,Klaviyo"
1899482,BharatX PG Customization - Rename your Desired PG to your BrandPay (Your desired name),https://apps.shopify.com/bharatx-payment-customisations,"The app lets merchants rename any Payment Gateway, to their desired name. BharatX Pay in 3 is a payment provider, which empowers brands to create W...",2025-04-21 19:47:28+00:00,Checkout
8093767,VanChat AI Chatbot & Live Chat - VanChat AI chatbot -The best AI chatbot plugin for Shopify,https://apps.shopify.com/vanchat,A GPT-powered chatbot convert shopify store visitors into buyers by enhancing the shopping experience and boosting sales. Configure in just a few minutes!,2025-04-21 19:47:40+00:00,"GPT-4o,Checkout,ChatGPT,WhatsApp"
8829451,シンプル会員初回送料割引｜お手軽初回ログイン送料無料 - 【Shopifyアプリ】シンプル会員初回送料割引｜お手軽初回ログイン送料無料,https://apps.shopify.com/shopify-application-429,「シンプル会員初回送料割引｜お手軽初回ログイン送料無料」は、Shopify 向けの会員送料割引アプリです。シンプルな料金体系で、追加課金なし。日本製のため、日本語サポートも完備しています。,2025-04-21 19:47:57+00:00,Checkout
9271435,Wava : WhatsApp Abandoned Cart - Wava: WhatsApp Abandoned Cart Recovery App for Shopify,https://apps.shopify.com/whatsapp-abandoned-cart-coco,Boost your Shopify store’s sales by recovering abandoned carts with Coco. Automate personalized WhatsApp messages and track results easily.,2025-04-21 19:48:09+00:00,"WhatsApp Abandoned Cart,Abandoned Cart,Klaviyo,WhatsApp Business,WhatsApp API,WhatsApp"
3525224,Canva Connector by Seamlessly - Canva Connector by Seamlessly - Sync Product Images,https://apps.shopify.com/canva-seamlessly,Sync all your product images to Canva seamlessly. No need for manual download and upload!,2025-04-21 19:48:40+00:00,canva.com
3194843,Orichi Facebook Feed Catalog,https://apps.shopify.com/orichi-product-feeds,"Orichi Feed helps sync, list, and optimize all product feeds to Google Merchant Center, Google Shopping, Facebook Shops, Facebook Catalog, Pinterest Feed",2025-04-21 19:48:48+00:00,"bing,google shopping,instagram shop,pinterest,product feed,feed for facebook"
3002975,Track‑POD - Shopify shipping app with custom Proof of Delivery solution,https://apps.shopify.com/track-pod,"Track-POD is a single-dashboard solution for Shopify shipping. Unlimited route optimization, live tracking, and custom Proof of Delivery (ePOD). Start for free.",2025-04-21 19:48:55+00:00,"Xero,MYOB,Unleashed,WooCommerce,Linnworks,QuickBooks"
2730583,"Correios ‑ SIGEP ‑ Etiquetas - Create, print and submit shipping labels for correios w/ SIGEP",https://apps.shopify.com/correios-sigep-etiquetas,"""Is your e-commerce booming and are you tired of filling out a bunch of information for shipping an order? Do you use complicated and disorganized ...",2025-04-21 19:49:20+00:00,"sigepweb,sigep,correios"
9720237,Fatturify per Fatture in Cloud - Fatturify per Fatture in Cloud Sinc. fatture & prodotti,https://apps.shopify.com/fatturify-per-fatture-in-cloud,Connettiti in un click e sincronizza non solo tutte le fatture ma anche i prodotti da Shopify a Fatture InCloud e viceversa.,2025-04-21 19:49:54+00:00,"Fatture in Cloud,Checkout,Customer accounts"
6684455,Sitemap NoIndex Pro SEO - Optimise Your Shopify Store with HTML & XML Sitemap,https://apps.shopify.com/sitemap-noindex-seo-tools,"Enhance Shopify SEO: Generate HTML sitemap, modify XML, use NoIndex & NoFollow for better indexation and maximise your store's SEO potential.",2025-04-21 19:50:00+00:00,2048 Variants
2318888,Kaching Bundles Quantity Break - Best Upsell Bundle app on Shopify in 2025,https://apps.shopify.com/bundle-deals,"Increase your average order value with offering bundles, free gifts, custom upsells and applying volume discount!",2025-04-21 19:50:46+00:00,"Monster Cart Upsell+Free Gifts,EComposer & Foxify,UpCart,Checkout,PageFly & GemPages,Instant,Hydrogen & 2048 Variants"
4209256,Mailmunch ‑ Email Automations - Send email automations that drive conversions & boost revenue,https://apps.shopify.com/mailmunch,"Engage & intercept customers with personalised emails, marketing newsletters, compelling landing pages & advanced popup forms. Measure the success ...",2025-04-21 19:50:54+00:00,"infusionsoft,mailchimp,aweber,convertkit,intercom,constant contact"
1159977,langify ‑ translate your store - Go global: Smart translations for your store & 3rd-party apps!,https://apps.shopify.com/langify,"With langify, easily translate your store to reach new customers by selling in their native language. langify allows you to manually translate your...",2025-04-21 19:51:00+00:00,"Store Pickup + Delivery,Searchanise,Appstle℠ Subscriptions,Boost Product Filter & Search,Cross-Sell"
9266134,Pier39.ai Pixels  - Track conversions for Pier39 campaigns with pixel integration,https://apps.shopify.com/persona-event-pixel,Pier39.ai pixels app enables advertisers to integrate conversion tracking pixels seamlessly into their Shopify stores. Designed specifically for me...,2025-04-21 19:51:08+00:00,Checkout
6049968,AskTimmy.ai — AI Chat - AI Shopping Assistant for Shopify,https://apps.shopify.com/asktimmy-ai,AI Chatbot & shopping assistant powered by ChatGPT to improve sales and to recommend products 24/7.,2025-04-21 19:51:16+00:00,Checkout
1367131,Because: CRO + Personalization - Because: Increase Conversions,https://apps.shopify.com/because,"The simplest way to convert more site visitors on your collection pages, product pages, and cart.",2025-04-21 19:51:25+00:00,"Recharge,Skio,Klaviyo,Octane,Yotpo,Attentive"
1688463,Inflowkit Membership & Courses - Inflowkit Courses & Memberships,https://apps.shopify.com/inflowkit-2,"Sell memberships, courses & downloads with Courses & Memberships app. Easy drag-and-drop builder, subscription feature & customer engagement.",2025-04-21 19:51:34+00:00,"Loom,Zoom,Checkout,Vimeo,Customer accounts,Custom Videos,Native Shop Accounts,Youtube"
3795394,Mega Callback - Schedule phone calls back to your customers efficiently,https://apps.shopify.com/callback-request,"Mega Callback helps you grow your business. You will be able to call back your customers faster than your competitors thus sell faster.
Mega Callba...",2025-04-21 19:51:58+00:00,"CTI,call,request,Shopify Flow,Zendesk,twilio,callback"
2219658,Referral Program ‑ Shopjar - Shopify Referral App and Affiliate Marketing app,https://apps.shopify.com/referral-and-affiliates,Create and launch referral programs in Shopify with the all-in-one Referral and Affiliate Marketing app for Shopify.,2025-04-21 19:52:07+00:00,"Zapier,Checkout,Klaviyo,Tremendous"
6734302,Prime Upsell - Customizable Post Purchase Upsell and Downsells,https://apps.shopify.com/prime-upsell,"Prime Upsell is a post purchase upsell app used to boost your sales and increase revenue! Easily create funnels across multiple products, collectio...",2025-04-21 19:52:36+00:00,Checkout
2777195,"Loopz Gift Cards - Sell branded digital/physical gift cards, issue store credit.",https://apps.shopify.com/loopz-gift-cards,Customize our gift card experience with your branding and styles. Create multiple card designs for different occasions for customers to choose from...,2025-04-21 19:52:52+00:00,"Square,Clover,Shopify POS,Customer accounts,WooCommerce,zapier"
6599995,Parcel Intelligence - eparcel parcel send and my post business order fulfilment,https://apps.shopify.com/parcel-intelligence,"* No more hours wasted copying and pasting between Shopify and Australia Post
* Identify errors quickly and easily with suburb/postcode checking
* ...",2025-04-21 19:52:59+00:00,"eParcel,TOLL,parcel send,MyPost business,Startrack,DHL ecommerce"
3556963,ShipFare - The Smartest Way To Ship Perishables Online,https://apps.shopify.com/shipfare,"Specifically built for purveyors of perishable and sensitive goods, ShipFare helps brands drive down the cost of overnight shipping and provides th...",2025-04-21 19:53:15+00:00,"Checkout,BigCommerce,Zapiet,SquareSpace,UPS,WooCommerce,FedEx"
9721301,"Hextom: Free Shipping Bar - Shopify native promotion App, Free Shipping Bar by Hextom",https://apps.shopify.com/free-shipping-bar,"Display messages with progressive free shipping goals when customers add more items to the cart, motivate customers to buy more and increase average order value",2025-04-21 19:53:39+00:00,Hextom: Translate & Currency
4230183,Filmo - Filmo.com.au,https://apps.shopify.com/filmo,"Watch, Shop, Sell! Engage buyers & sell products in real time with Filmo's live-shopping technology. Create a seller account, link your Shopify store & go live.",2025-04-21 19:53:47+00:00,"Facebook Live,Instagram Live,TikTok Live,Youtube Live"
4660337,Reskyt ‑ Mobile App - Creación de Apps para tiendas Online Shopify,https://apps.shopify.com/reskyt,Con Reskyt podrás crear una Aplicación móvil para tu ecommerce totalmente a medida. El mejor canal para incrementar tus ventas. ¡Te lo hacemos todo!,2025-04-21 19:53:54+00:00,"Sequra | Aplazame | Scalapay,Algolia | Doofinder | Motive,Google and Apple Pay,Octone | Zendesk | Whatsapp,Connectiff | Adjust"
6407437,Voyado Engage - Create a personalized omnichannel experience across channels,https://apps.shopify.com/voyado-engage,Sync behavioral data from your online store into the multichannel marketing platform Voyado Engage where you can orchestrate experiences based on i...,2025-04-21 19:54:01+00:00,"Checkout,Shopify POS,Facebook,Google,Instagram"
3670946,Honest FulPhilment - UK manged sourcing branding and fulfilment services from China,https://apps.shopify.com/honest-fulphilment,"Connect your Shopify or Woocommerce store to sync and automate order fulfillment.
Have your own brand and supplier and only need us as a 3PL? Use o...",2025-04-21 19:54:20+00:00,"CSV,Woocommerce"
3849348,Danea Easyfatt Import/Export - Sincronizza i prodotti da Danea; scarica gli ordini da web,https://apps.shopify.com/danea-easyfatt-import-export,"Danea Easyfatt offre, nelle edizioni ""Enterprise One"" e ""Enterprise"", la possibilità di sincronizzare il proprio e-commerce.  Questa app rappresent...",2025-04-21 19:54:33+00:00,Danea Easyfatt
6513741,Triffin (Formally Viable) - Intelligent Finance for consumer brands,https://apps.shopify.com/viable,"Viable combines intelligent finance technology with expert support to improve growth, profit and cash flow outcomes for consumer brands.",2025-04-21 19:55:22+00:00,"Ad accounts,Paypal / Stripe,Xero,Quickbooks,All major bank accounts,Amazon Seller Central"
5601474,Squadkin ‑ Multi Wishlist App - Squadkin ‑ Multi Wishlist App,https://apps.shopify.com/wishlist-with-multi-category,Fully featured and easy-to-set-up wishlist app in Shopify. Seamlessly integrates with all Shopify themes. Top product analytics are available in wishlist app.,2025-04-21 19:55:41+00:00,ll shopify themes
4579529,DropShipping AI ‑ AppScenic,https://apps.shopify.com/appscenic,"Effortless dropshipping automation with verified US, UK, EU suppliers & AI optimization. Access 1M+ products for your Shopify store. Start 7-day Free Trial!",2025-04-21 19:56:44+00:00,"AI,eBay,ChatGPT,Walmart,OpenAI"
9598862,"Sales Motivator ‑ Free Gifts - Free gifts offers for products, or based on cart total...",https://apps.shopify.com/sales-motivator-free-gifts,Make your store more profitable with this app. App is easy upsell tool to create free gifts offers and motivate your customers to spend more in your store.,2025-04-21 19:56:54+00:00,Checkout
9381261,Moloni Portugal - Automated invoicing and inventory management,https://apps.shopify.com/moloni-portugal,"With Moloni you can save your time issuing invoices to your customers and focus on growing your business! 

All your orders will be converted autom...",2025-04-21 19:57:11+00:00,Moloni
3272180,"Top Advanced Wishlist App - Advance Wishlist - Allow Customer to Create, Save, and Share",https://apps.shopify.com/advanced-wishlist-app,"Advance Wishlist allow Shopify customer to create product wishlist, share and save it for later, no code required, easy to use and install",2025-04-21 19:57:24+00:00,Checkout
6963780,CSS Shoppable Videos and Reels - Shoppable Videos & Reels-Convert more with shoppable content,https://apps.shopify.com/css-shopable-videos,"Shoppable Videos & Reels on Shopify-Easily embed Instagram Reels, product videos, and customer testimonials to create engaging, high-converting video galleries.",2025-04-21 19:57:30+00:00,Instagram
9194817,"Trustpilot Reviews - Turn real customer reviews into traffic, sales, and loyalty.",https://apps.shopify.com/trustpilot-reviews,"Expand your brand's reach by building a stellar online presence right where shoppers are researching their next purchase.   

Attract new customers...",2025-04-21 19:57:50+00:00,"Slack,Zendesk,Klaviyo,Mailchimp,Facebook,Google"
5723264,DataGrail - Map data and automate DSARs to eliminate risk and build...,https://apps.shopify.com/datagrail-1,"DataGrail is the privacy platform that enables brands to  build consumer trust and eliminate risky business.

With continuous system detection, res...",2025-04-21 19:58:13+00:00,"Marketo,Zendesk,Okta,Intercom,SFDC"
8033273,"SB: Help Center, FAQ Page Tabs - Best Support App For Shopify: FAQ, Live Chat, Helpdesk, Tabs",https://apps.shopify.com/helpcenter,"Deliver fast & accurate customer support service with FAQ page builder, all-in-one help desk ticketing, live chat, and product tabs for Shopify stores.",2025-04-21 19:58:27+00:00,"Facebook Messenger,ChatGPT,LangShop"
9561393,RedChamps: Sample Products - Sample Products,https://apps.shopify.com/redchamps-sample-products,Allow customers to order product samples before purchasing. Boost conversions with easy sample management and tracking.,2025-04-21 19:58:35+00:00,Checkout
7405983,Design Packs: Theme Sections - Design Packs - Theme Sections,https://apps.shopify.com/design-packs,A huge collection of unique theme sections built by expert developers. Install new layouts and blocks to any Shopify theme to level up your look and sales.,2025-04-21 19:59:08+00:00,"Free and premium themes,App blocks,Online Store 2.0"
7640162,Bizyness - Comptabilité automatisée pour e-commerçants,https://apps.shopify.com/bizyness,"Simplifiez votre comptabilité avec Bizyness : factures automatiques, gestion de la TVA et export comptable, tout en restant conforme et efficace.",2025-04-21 19:59:27+00:00,"Bizyness,Shopify POS"
9459933,Brandboom Wholesale Platform - A stand alone B2B wholesale platform for serious brands,https://apps.shopify.com/brandboom-wholesale,Brandboom is a stand-alone wholesale platform that seamlessly integrates with your existing store. Wholesale your store's inventory with separate p...,2025-04-21 19:59:50+00:00,"Stripe,Rest API,your existing store,Paypal,Apparel Magic"
9310037,Item Explorer - Item Explorer,https://apps.shopify.com/pos-metafield-viewer,"Item Explorer extends the capability of your point of sale, allowing complex metafield data viewing.",2025-04-21 19:59:57+00:00,Shopify POS
2663464,JuShuiTan SaaS ERP - A multi store management software that integrates OMS and WMS.,https://apps.shopify.com/saas-erp,"Jushuitan SaaS ERP can help you achieve unified management of cross-border multiple stores.
It supports cross platform, multi store order, and inve...",2025-04-21 20:00:20+00:00,"Wish,eBay,Shopee,Aliexpress,Amazon,Lazada"
5261099,SP Lite ‑ Dropship Agents - SP Lite - Dropship Fulfillment Platform,https://apps.shopify.com/service-points-1,Discover our revolutionary dropship fulfillment platform to take your dropshipping business to a higher level. In addition we provide you with free value!,2025-04-21 20:00:47+00:00,"Custom integrations,Gmail,Woocommerce,Wordpress"
6166621,"Helpdesk + Live chat DeskXpand - Helpdesk, Live Chat & WhatsApp: All-in-one support.",https://apps.shopify.com/deskxpand,"DeskXpand streamlines your customer support across multiple channels, consolidating email, chat, forms, Facebook, WhatsApp, and Instagram inquiries...",2025-04-21 20:01:18+00:00,"Facebook,Whatsapp,Instagram"
2178181,Locale - Locale Shopify Connector,https://apps.shopify.com/locale-2,"Advanced reports, alerts and automations which help you manage inventory, sales, payments, and more.",2025-04-21 20:01:27+00:00,"Hubspot,Amazon Selling Parnter,BigQuery,Postgres,Airbyte"
9449145,Copdate Partner Services - Hassle-free invoices for your Copdate reservations.,https://apps.shopify.com/copdate,The Copdate Partners app allows merchants to easily generate invoices for their event winners. View your confirmed Copdate reservations and generat...,2025-04-21 20:01:37+00:00,Copdate
6387946,DHL Duty and Tax Calculator - Calculate and Collect cross border duties and taxes,https://apps.shopify.com/duty-and-tax-calculator,"Simplify cross-border sales! Our app calculates duties and taxes in real time, helping you provide transparent pricing at checkout. Get started today!",2025-04-21 20:01:53+00:00,Checkout
4873675,integracije.si - Integrate your shop with external services,https://apps.shopify.com/integracije-si,"We offer integrations between different applications or systems, that are adapted to your existing business flows. Integrations are stable and safe...",2025-04-21 20:02:33+00:00,"metakocka,minimax,e-računi,vasco,birokrat,pantheon"
7550228,Discounteo - Reward your email subscribers with unique discount codes,https://apps.shopify.com/personal-discount,Discounteo (formerly Personal Discount) enables you to automatically send out unique discount codes to your customers when they sign up for your em...,2025-04-21 20:02:41+00:00,"ActiveCampaign,Omnisend,Klaviyo,MailerLite,Mailchimp,Shopif​y Email"
3426401,"bitChat: WhatsApp AI Chatbot - AI Chatbot for Shopify via WhatsApp, Livechat Shared Inbox",https://apps.shopify.com/bitchat-whatsapp-chatgpt-ai-omnichannel-inbox,"WhatsApp Chat built specifically for Shopify. Multi Agents using 1 WhatsApp Number, built-in Chatbot, Deep Shopify Integrations powered by chatGPT.",2025-04-21 20:02:57+00:00,"Checkout,Facebook & Instagram,ChatGPT,WhatsApp Business,WhatsApp API,WhatsApp"
9931626,"Parkour: Snapchat Pixel & API - Parkour: Snapchat Pixel, CAPI & Advanced Tracking",https://apps.shopify.com/parkour-snapchat-pixel,"Our advanced system ensures accurate data collection across Snapchat, giving you actionable insights to optimize campaigns.",2025-04-21 20:03:10+00:00,"Snapchat Ads,Checkout,Snapchat Pixel,Snapchat,Multiple Pixe,Multi Pixel"
5555806,"ReviewsJet Product Reviews App - Collect, Share, and Customize Customer Reviews Easily",https://apps.shopify.com/reviewsjet,"With ReviewsJet, easily collect, display, and customize text and video reviews. Showcase feedback in stylish layouts to enhance credibility and engage customer.",2025-04-21 20:03:18+00:00,"ActiveCampaign,Klaviyo,Mailchimp,Sendgrid,SendGrid"
7675732,CartFields for POS - CartFields - add custom fields for Shopify POS checkout,https://apps.shopify.com/cart-fields-pos-checkout,Add custom fields to the cart and products in your Shopify POS checkout. Staff can collect relevant data to extended order details on the invoice.,2025-04-21 20:03:24+00:00,Shopify POS
7600511,Convbox Analytics - Convbox: optimize your ad budget cross marketing channels,https://apps.shopify.com/omnitrack-facebook-pixels,Conbox Analytics is your comprehensive solution for precise conversion tracking and attribution that reveals what actually works.,2025-04-21 20:03:37+00:00,"Google Ads,Checkout,Klaviyo,TikTok Ads,Customer accounts,Facebook Ads,All your marketing channels,Bing Ads"
7922997,NML Quick Add to Cart - Quick Add to cart and Upsell from any product listing,https://apps.shopify.com/upsell-from-catalog,"Add to Cart from Catalog, instantly shows auto-generated Upsell products. Boost AOV for your store.",2025-04-21 20:03:47+00:00,Search & Discovery
7508369,Dibsly: FB Comment Selling - Dibsly: Facebook comment selling,https://apps.shopify.com/dibsly-live,"Dibsly will capture every sale on Facebook Live Videos for you 24/7 and direct them to your Shopify checkout.

Your customers will be able to comme...",2025-04-21 20:03:53+00:00,"Facebook wall posts,Facebook Live sales,Facebook Video"
1854194,Facturación SUNAT Acelérala - Facturación electrónica SUNAT para tu tienda en shopify,https://apps.shopify.com/facturacion-acelerala,"Emite boletas, facturas y notas de crédito desde tu tienda de shopify",2025-04-21 20:04:10+00:00,"acelérala,SUNAT"
1289285,Hotjar 1‑click install - Install Hotjar mouse tracking in 30 seconds,https://apps.shopify.com/mouse-tracking-installer,Are you currently working on your store conversion optimisation? Are you considering Hotjar but don't know how to do or don't want to edit your the...,2025-04-21 20:04:24+00:00,"Hotjar,Inspectlet"
6885297,Paccofacile Shipping Solutions - Paccofacile.it Shipping App,https://apps.shopify.com/paccofacile-it,L'app di Paccofacile.it ti permette di gestire in completa autonomia e semplicità le spedizione del tuo shop. Scarica ed inizia a spedire in 1 click,2025-04-21 20:04:58+00:00,Paccofacile.it
2904751,Nomad Scheduled Shipments - Add the rate option of scheduled shipments to your store,https://apps.shopify.com/delivery-customization,"This application is intended for Nomad customers. From the shipping address entered in the cart, the available shipping options are shown according...",2025-04-21 20:05:28+00:00,Checkout
3021528,CVC ‑ Multi Currency Converter - Convercy: Multi Currency Converter App for Shopify,https://apps.shopify.com/convercy,Location-based currency conversion + AI language translation in one app to boost international sales. Top-rated localization app on Shopify. Install free now!,2025-04-21 20:05:35+00:00,"Shopify Flow,GemPages,PageFly,Product Reviews,Judge.me,Shipping Bar,Popup"
4999857,Cashfree CODFIRM & Checkout - Managing COD & RTO,https://apps.shopify.com/cod-order-confirmation-1,"Win COD and conversion with Cashfree CODFirm COD & Checkout. Reduce cart abandonment, optimize time to checkout, and lower RTO risks.",2025-04-21 20:05:42+00:00,"AiSensy,Netcore,Checkout,Customer accounts,Tellephant,Gupshup,Yellow.ai,Freshchat"
3938754,SalesWarp Ship - Get FREE Shopify Order + Shipping Management,https://apps.shopify.com/saleswarp,"Easily manage orders and shipping across multiple sales channels. Access discounted shipping rates, generate packing slips and shipping labels, and more!",2025-04-21 20:06:04+00:00,"eBay,Fedex,USPS,UPS,Amazon,Walmart"
1787616,Metagen,https://apps.shopify.com/ai-seo-optimizer,Boost your Shopify store's visibility with our AI SEO Optimizer. Increase your sales and customer engagement. Get started today!,2025-04-21 20:06:21+00:00,chat.openai.com
1213721,Go Sub,https://apps.shopify.com/go-subscride,日本のShopify Plus Partnerが作ったサブスクリプションアプリ「Go Sub」。Shopifyに定期購入機能を実装したいマーチャント様必見の機能が充実。初回割引・回数指定割引・サブスクリプションBOX・注文日固定・まとめ払い・カラー変更など。GoSubはアプリもサポートも完全日本語対応！,2025-04-21 20:06:29+00:00,"配送日時指定,OpenLogi,LINE,Shopify Flow,Next Engine,Klaviyo,Customer accounts,RuffRuff 予約販売"
5791903,Checkmate Upsell Zone - Checkout Pre-Purchase: Boost AOV & Revive Sales,https://apps.shopify.com/checkmate-upsell-zone,"With Checkmate, you can seamlessly integrate pre-purchase checkout upsells to enhance the Average Order Value during customer purchases.




...",2025-04-21 20:06:36+00:00,Checkout
8172868,CODFY Cash on Delivery - Manage Cash on Delivery (COD) Payment Method & Customize COD,https://apps.shopify.com/codfy-cash-on-delivery-1,"COD payment customization based on important aspects like order value, serviceable postal codes, shipping rates etc. Handle COD orders protecting bottom line.",2025-04-21 20:06:44+00:00,Checkout
3868707,worldscore 0 Emission Checkout - worldscore: zero emission checkout,https://apps.shopify.com/worldscore-checkout,"Emission calculation and carbon neutral checkout for your store to increase conversion, free of charge. With fully vetted compensation projects.",2025-04-21 20:06:49+00:00,Checkout
1531090,Arcana Discounts - Arcana Discounts,https://apps.shopify.com/arcana-discounts,Arcana Discounts app using Shopify Functions,2025-04-21 20:07:18+00:00,Checkout
4477059,Gist,https://apps.shopify.com/gift-card-pro,Make Gift Cards Easy To Gift On Your Shopify Store! An Easier Way For Your Customers To Buy & Send Gift Cards Directly Via Email Or Text!,2025-04-21 20:07:26+00:00,"Giftship,Shopify Flow,Checkout,Point of Sale,Klaviyo,Rebuy Personalization Engine,Customer accounts"
2622766,APC 123 - Official Shopify Integration App for APC Overnight,https://apps.shopify.com/apc-123,"APC 123 seamlessly integrates APC Overnight with Shopify, offering merchants an efficient solution for managing shipments directly within Shopify.",2025-04-21 20:08:08+00:00,"APC Overnight,eBay"
6020809,星盘ERP - 星盘 星盘ERP 跨境专用,https://apps.shopify.com/erp-40,"星盘ERP是专为跨境电商公司研发的企业管理软件。它能有效集成跨境电商全流程管理,实现商品管理、仓储管理、订单管理、支付结算等一站化管理,提高跨境电商企业的运营效率和管理水平。",2025-04-21 20:08:26+00:00,"Shopee,Lazada,TikTok"
5216586,SpeedBoostr:Google Speed ‑ SEO - Shopify Page Speed Optimization & SEO,https://apps.shopify.com/speed-optimization-webplanex,"Boost your Shopify store's speed with SpeedBoostr. Enhance page load times, improve SEO, user experience and increase conversion and sales effortlessly.",2025-04-21 20:09:10+00:00,"Speed,SEO,Judge.me,Ryviu,Ali Reviews"
9711767,MyDataNinja Analytics - MyDataNinja - Easy Way to Analyze and Manage Your Ads,https://apps.shopify.com/mydataninja,"MyDataNinja is Easiest Solution to Optimize, Analyze and Manage Multiple Store and Ads Accounts Digital Marketing Campaigns All in One Place.",2025-04-21 20:09:17+00:00,Checkout
1935981,groupmate Combined Listings - Cross-Link similar Products and display them like Variants,https://apps.shopify.com/groupmate,"Do you need dedicated product pages for your variants? Want your customers to switch between them easily? groupmate can help with that.
We simplify...",2025-04-21 20:09:25+00:00,2048 Variants
1323531,Cart2Cart Store Migration App - Migrate to Shopify,https://apps.shopify.com/cart2cart-shopify-migration-module,Looking to move to Shopify or transfer to Shopify with ease? The Cart2Cart Store Migration App is the ultimate Shopify migration tool designed to s...,2025-04-21 20:09:52+00:00,"Magento,80+ major platforms,PrestaShop,BigCommerce,Woocommerce,Wix"
4889410,"Firepush ‑ SMS & Web Push - Text marketing, push notifications for abandoned cart recovery",https://apps.shopify.com/firepush,"Firepush's all-in-one app enables you to recover abandoned carts and grow sales consistently. 

Re-engage with potential customers and improve conv...",2025-04-21 20:10:01+00:00,"Privy,Growave ‑ Reviews,Loox ‑ Photo Reviews,Shopify Flow,sms,GemPages,PageFly"
2570690,"Expandly - Connect your store to eBay, Amazon, Etsy, Xero & more",https://apps.shopify.com/expandly-1,"The all-in-one solution for eCommerce retailers to connect, manage and automate listing, inventory, orders, shipping & accounting.

Manage your lis...",2025-04-21 20:10:10+00:00,"Wish,eBay,Xero,Etsy,Royal Mail,Amazon"
3564740,Dealify ‑ Discount Creator - Reward customers with free gifts using automated discounts.,https://apps.shopify.com/checkout-this-deal,Reward loyal customers with a free gift promotion! Our app automatically applies discounts and seamlessly prompts customers to claim their gift at ...,2025-04-21 20:10:17+00:00,Checkout
7798255,Digiloop Pickup & Delivery - Digiloop Pickup & Delivery,https://apps.shopify.com/digiloop-pickup-delivery,Let your customers choose pickup points on an interactive map and generate shipping labels easily!,2025-04-21 20:10:32+00:00,"Foxpost,DPD,Checkout,GLS,MPL,Packeta,Magyar Posta"
2633141,Ultimate Sticky Add to Cart - Sticky Add to Cart Button,https://apps.shopify.com/ultimate-sticky-add-to-cart,"Display a sticky Add to Cart button on every product page, and any screen size: desktop or mobile. This will increase conversion rates & simplify the checkout!",2025-04-21 20:10:38+00:00,"Google Analytics,Pinterest Tag,TikTok Pixel,Snapchat Pixel,Facebook Pixel ID"
5879587,Hatimeria Checkout Branding - Customize Checkout for More Sales: Personalize Every Detail!,https://apps.shopify.com/hatimeria-checkout-branding,Customize checkout on Shopify for more sales. Tailor every element to boost your brand and convert more visitors into loyal customers. Try it now!,2025-04-21 20:10:47+00:00,"Checkout,Checkout API Branding"
7359722,Webrex Schema JSON‑LD for SEO - Webrex: SEO Schema for Shopify,https://apps.shopify.com/webrex-seo-schema,"Boost Shopify SEO with Webrex: generate Product, FAQ & Video schemas, remove duplicates, and add rich snippets for better visibility.",2025-04-21 20:11:23+00:00,"Stamped.io,Loox.io,Yotpo,Google Search Console,Judge.me and 30+ Other"
